season,round,race,driver,team,grid_position,rank_score,predicted_position,sprint_detection,model_code_commit,exported_at
2026,2,Chinese Grand Prix,ANT,Mercedes,1.0,0.27391304347826084,1,legacy,970cfdb,2026-10-08T23:09:06+00:00
2026,2,Chinese Grand Prix,RUS,Mercedes,2.0,0.24782608695652172,2,legacy,970cfdb,2026-10-08T23:09:06+00:00
2026,2,Chinese Grand Prix,HAM,Ferrari,3.0,0.22173913043478258,3,legacy,970cfdb,2026-10-08T23:09:06+00:00
2026,2,Chinese Grand Prix,LEC,Ferrari,4.0,0.1956521739130435,4,legacy,970cfdb,2026-10-08T23:09:06+00:00
2026,2,Chinese Grand Prix,PIA,McLaren,5.0,0.16956521739130434,5,legacy,970cfdb,2026-10-08T23:09:06+00:00
2026,2,Chinese Grand Prix,NOR,McLaren,6.0,0.14347826086956522,6,legacy,970cfdb,2026-10-08T23:09:06+00:00
2026,2,Chinese Grand Prix,GAS,Alpine,7.0,0.11739130434782609,7,legacy,970cfdb,2026-10-08T23:09:06+00:00
2026,2,Chinese Grand Prix,VER,Red Bull Racing,8.0,0.09130434782608696,8,legacy,970cfdb,2026-10-08T23:09:06+00:00
2026,2,Chinese Grand Prix,HAD,Red Bull Racing,9.0,0.06521739130434782,9,legacy,970cfdb,2026-10-08T23:09:06+00:00
2026,2,Chinese Grand Prix,BEA,Haas F1 Team,10.0,0.03913043478260869,10,legacy,970cfdb,2026-10-08T23:09:06+00:00
2026,2,Chinese Grand Prix,HUL,Audi,11.0,0.013043478260869565,11,legacy,970cfdb,2026-10-08T23:09:06+00:00
2026,2,Chinese Grand Prix,COL,Alpine,12.0,-0.013043478260869565,12,legacy,970cfdb,2026-10-08T23:09:06+00:00
2026,2,Chinese Grand Prix,OCO,Haas F1 Team,13.0,-0.03913043478260869,13,legacy,970cfdb,2026-10-08T23:09:06+00:00
2026,2,Chinese Grand Prix,LAW,Racing Bulls,14.0,-0.06521739130434782,14,legacy,970cfdb,2026-10-08T23:09:06+00:00
2026,2,Chinese Grand Prix,LIN,Racing Bulls,15.0,-0.09130434782608696,15,legacy,970cfdb,2026-10-08T23:09:06+00:00
2026,2,Chinese Grand Prix,BOR,Audi,16.0,-0.11739130434782609,16,legacy,970cfdb,2026-10-08T23:09:06+00:00
2026,2,Chinese Grand Prix,SAI,Williams,17.0,-0.14347826086956522,17,legacy,970cfdb,2026-10-08T23:09:06+00:00
2026,2,Chinese Grand Prix,ALO,Aston Martin,18.0,-0.16956521739130434,18,legacy,970cfdb,2026-10-08T23:09:06+00:00
2026,2,Chinese Grand Prix,BOT,Cadillac,19.0,-0.1956521739130435,19,legacy,970cfdb,2026-10-08T23:09:06+00:00
2026,2,Chinese Grand Prix,STR,Aston Martin,20.0,-0.22173913043478258,20,legacy,970cfdb,2026-10-08T23:09:06+00:00
2026,2,Chinese Grand Prix,PER,Cadillac,21.0,-0.24782608695652172,21,legacy,970cfdb,2026-10-08T23:09:06+00:00
2026,2,Chinese Grand Prix,ALB,Williams,22.0,-0.27391304347826084,22,legacy,970cfdb,2026-10-08T23:09:06+00:00
2026,3,Japanese Grand Prix,HAM,Ferrari,6.0,1.8607346461121237,1,legacy,5d7359d,2026-10-08T23:32:29+00:00
2026,3,Japanese Grand Prix,RUS,Mercedes,2.0,1.7402978833818963,2,legacy,5d7359d,2026-10-08T23:32:29+00:00
2026,3,Japanese Grand Prix,LEC,Ferrari,4.0,1.4602519613575078,3,legacy,5d7359d,2026-10-08T23:32:29+00:00
2026,3,Japanese Grand Prix,ANT,Mercedes,1.0,1.0873357352111277,4,legacy,5d7359d,2026-10-08T23:32:29+00:00
2026,3,Japanese Grand Prix,GAS,Alpine,7.0,0.5700010472632289,5,legacy,5d7359d,2026-10-08T23:32:29+00:00
2026,3,Japanese Grand Prix,LIN,Racing Bulls,10.0,0.5376135888454437,6,legacy,5d7359d,2026-10-08T23:32:29+00:00
2026,3,Japanese Grand Prix,PIA,McLaren,3.0,0.44120579344513994,7,legacy,5d7359d,2026-10-08T23:32:29+00:00
2026,3,Japanese Grand Prix,NOR,McLaren,5.0,0.09677745304783864,8,legacy,5d7359d,2026-10-08T23:32:29+00:00
2026,3,Japanese Grand Prix,HAD,Red Bull Racing,8.0,0.04392509613456558,9,legacy,5d7359d,2026-10-08T23:32:29+00:00
2026,3,Japanese Grand Prix,BEA,Haas F1 Team,18.0,-0.17324419231342772,10,legacy,5d7359d,2026-10-08T23:32:29+00:00
2026,3,Japanese Grand Prix,BOR,Audi,9.0,-0.1771638255283847,11,legacy,5d7359d,2026-10-08T23:32:29+00:00
2026,3,Japanese Grand Prix,LAW,Racing Bulls,14.0,-0.20753719016207162,12,legacy,5d7359d,2026-10-08T23:32:29+00:00
2026,3,Japanese Grand Prix,OCO,Haas F1 Team,12.0,-0.267984917547523,13,legacy,5d7359d,2026-10-08T23:32:29+00:00
2026,3,Japanese Grand Prix,COL,Alpine,15.0,-0.37234883325070406,14,legacy,5d7359d,2026-10-08T23:32:29+00:00
2026,3,Japanese Grand Prix,SAI,Williams,16.0,-0.38322131008042276,15,legacy,5d7359d,2026-10-08T23:32:29+00:00
2026,3,Japanese Grand Prix,VER,Red Bull Racing,11.0,-0.40355662369304846,16,legacy,5d7359d,2026-10-08T23:32:29+00:00
2026,3,Japanese Grand Prix,ALB,Williams,17.0,-0.4907637226514321,17,legacy,5d7359d,2026-10-08T23:32:29+00:00
2026,3,Japanese Grand Prix,HUL,Audi,13.0,-0.6440449887905617,18,legacy,5d7359d,2026-10-08T23:32:29+00:00
2026,3,Japanese Grand Prix,PER,Cadillac,19.0,-0.8248477221321957,19,legacy,5d7359d,2026-10-08T23:32:29+00:00
2026,3,Japanese Grand Prix,STR,Aston Martin,22.0,-1.0997042832730226,20,legacy,5d7359d,2026-10-08T23:32:29+00:00
2026,3,Japanese Grand Prix,BOT,Cadillac,20.0,-1.1308289805117535,21,legacy,5d7359d,2026-10-08T23:32:29+00:00
2026,3,Japanese Grand Prix,ALO,Aston Martin,21.0,-1.662896614864325,22,legacy,5d7359d,2026-10-08T23:32:29+00:00
2026,4,Miami Grand Prix,ANT,Mercedes,1.0,1.167934356713892,1,legacy,5d7359d,2026-10-08T23:32:32+00:00
2026,4,Miami Grand Prix,LEC,Ferrari,3.0,1.164284876314278,2,legacy,5d7359d,2026-10-08T23:32:32+00:00
2026,4,Miami Grand Prix,RUS,Mercedes,5.0,0.9177760596518229,3,legacy,5d7359d,2026-10-08T23:32:32+00:00
2026,4,Miami Grand Prix,VER,Red Bull Racing,2.0,0.904118049407453,4,legacy,5d7359d,2026-10-08T23:32:32+00:00
2026,4,Miami Grand Prix,HAM,Ferrari,6.0,0.7618562884458941,5,legacy,5d7359d,2026-10-08T23:32:32+00:00
2026,4,Miami Grand Prix,NOR,McLaren,4.0,0.6134390636951678,6,legacy,5d7359d,2026-10-08T23:32:32+00:00
2026,4,Miami Grand Prix,PIA,McLaren,7.0,0.5259686656058951,7,legacy,5d7359d,2026-10-08T23:32:32+00:00
2026,4,Miami Grand Prix,GAS,Alpine,9.0,0.2974303228893568,8,legacy,5d7359d,2026-10-08T23:32:32+00:00
2026,4,Miami Grand Prix,COL,Alpine,8.0,0.17667635690535086,9,legacy,5d7359d,2026-10-08T23:32:32+00:00
2026,4,Miami Grand Prix,BEA,Haas F1 Team,12.0,0.01173664543994156,10,legacy,5d7359d,2026-10-08T23:32:32+00:00
2026,4,Miami Grand Prix,LAW,Racing Bulls,11.0,-0.026777516482183857,11,legacy,5d7359d,2026-10-08T23:32:32+00:00
2026,4,Miami Grand Prix,SAI,Williams,13.0,-0.07226321608261357,12,legacy,5d7359d,2026-10-08T23:32:32+00:00
2026,4,Miami Grand Prix,OCO,Haas F1 Team,14.0,-0.15102045096976485,13,legacy,5d7359d,2026-10-08T23:32:32+00:00
2026,4,Miami Grand Prix,HUL,Audi,10.0,-0.30709651213543765,14,legacy,5d7359d,2026-10-08T23:32:32+00:00
2026,4,Miami Grand Prix,ALB,Williams,15.0,-0.3115301394674723,15,legacy,5d7359d,2026-10-08T23:32:32+00:00
2026,4,Miami Grand Prix,LIN,Racing Bulls,16.0,-0.387972232610178,16,legacy,5d7359d,2026-10-08T23:32:32+00:00
2026,4,Miami Grand Prix,HAD,Red Bull Racing,22.0,-0.3988408286636626,17,legacy,5d7359d,2026-10-08T23:32:32+00:00
2026,4,Miami Grand Prix,BOT,Cadillac,19.0,-0.7438030563298699,18,legacy,5d7359d,2026-10-08T23:32:32+00:00
2026,4,Miami Grand Prix,PER,Cadillac,20.0,-0.9775764642391154,19,legacy,5d7359d,2026-10-08T23:32:32+00:00
2026,4,Miami Grand Prix,ALO,Aston Martin,17.0,-0.9886553604867481,20,legacy,5d7359d,2026-10-08T23:32:32+00:00
2026,4,Miami Grand Prix,BOR,Audi,21.0,-1.0669680573494618,21,legacy,5d7359d,2026-10-08T23:32:32+00:00
2026,4,Miami Grand Prix,STR,Aston Martin,18.0,-1.108716850252545,22,legacy,5d7359d,2026-10-08T23:32:32+00:00
2026,5,Canadian Grand Prix,ANT,Mercedes,2.0,1.2041467658556475,1,legacy,5d7359d,2026-10-08T23:32:36+00:00
2026,5,Canadian Grand Prix,RUS,Mercedes,1.0,1.117170811708585,2,legacy,5d7359d,2026-10-08T23:32:36+00:00
2026,5,Canadian Grand Prix,PIA,McLaren,4.0,1.02441702756238,3,legacy,5d7359d,2026-10-08T23:32:36+00:00
2026,5,Canadian Grand Prix,NOR,McLaren,3.0,0.9511125793637858,4,legacy,5d7359d,2026-10-08T23:32:36+00:00
2026,5,Canadian Grand Prix,LEC,Ferrari,8.0,0.8000100280349394,5,legacy,5d7359d,2026-10-08T23:32:36+00:00
2026,5,Canadian Grand Prix,HAM,Ferrari,5.0,0.6711324763008442,6,legacy,5d7359d,2026-10-08T23:32:36+00:00
2026,5,Canadian Grand Prix,VER,Red Bull Racing,6.0,0.559282479261896,7,legacy,5d7359d,2026-10-08T23:32:36+00:00
2026,5,Canadian Grand Prix,HAD,Red Bull Racing,7.0,0.4279108994714416,8,legacy,5d7359d,2026-10-08T23:32:36+00:00
2026,5,Canadian Grand Prix,LIN,Racing Bulls,9.0,0.2622821702752829,9,legacy,5d7359d,2026-10-08T23:32:36+00:00
2026,5,Canadian Grand Prix,COL,Alpine,10.0,0.026561846505863566,10,legacy,5d7359d,2026-10-08T23:32:36+00:00
2026,5,Canadian Grand Prix,GAS,Alpine,14.0,-0.20814513930915907,11,legacy,5d7359d,2026-10-08T23:32:36+00:00
2026,5,Canadian Grand Prix,SAI,Williams,15.0,-0.27078393066240636,12,legacy,5d7359d,2026-10-08T23:32:36+00:00
2026,5,Canadian Grand Prix,HUL,Audi,11.0,-0.2878797728736362,13,legacy,5d7359d,2026-10-08T23:32:36+00:00
2026,5,Canadian Grand Prix,LAW,Racing Bulls,12.0,-0.29008187818651887,14,legacy,5d7359d,2026-10-08T23:32:36+00:00
2026,5,Canadian Grand Prix,BEA,Haas F1 Team,16.0,-0.4412071776145019,15,legacy,5d7359d,2026-10-08T23:32:36+00:00
2026,5,Canadian Grand Prix,OCO,Haas F1 Team,17.0,-0.46367709190885853,16,legacy,5d7359d,2026-10-08T23:32:36+00:00
2026,5,Canadian Grand Prix,BOR,Audi,13.0,-0.47854135358919214,17,legacy,5d7359d,2026-10-08T23:32:36+00:00
2026,5,Canadian Grand Prix,ALB,Williams,18.0,-0.5413794107866505,18,legacy,5d7359d,2026-10-08T23:32:36+00:00
2026,5,Canadian Grand Prix,ALO,Aston Martin,19.0,-0.9321325139007575,19,legacy,5d7359d,2026-10-08T23:32:36+00:00
2026,5,Canadian Grand Prix,BOT,Cadillac,21.0,-0.9605494415391809,20,legacy,5d7359d,2026-10-08T23:32:36+00:00
2026,5,Canadian Grand Prix,PER,Cadillac,20.0,-0.9652421491099064,21,legacy,5d7359d,2026-10-08T23:32:36+00:00
2026,5,Canadian Grand Prix,STR,Aston Martin,22.0,-1.204407224859898,22,legacy,5d7359d,2026-10-08T23:32:36+00:00
2026,6,Monaco Grand Prix,ANT,Mercedes,1.0,1.4115387352929079,1,legacy,5d7359d,2026-10-08T23:32:40+00:00
2026,6,Monaco Grand Prix,LEC,Ferrari,4.0,1.091127011925089,2,legacy,5d7359d,2026-10-08T23:32:40+00:00
2026,6,Monaco Grand Prix,HAM,Ferrari,3.0,0.9441765356805764,3,legacy,5d7359d,2026-10-08T23:32:40+00:00
2026,6,Monaco Grand Prix,VER,Red Bull Racing,2.0,0.8519880516219794,4,legacy,5d7359d,2026-10-08T23:32:40+00:00
2026,6,Monaco Grand Prix,RUS,Mercedes,6.0,0.8169447494270465,5,legacy,5d7359d,2026-10-08T23:32:40+00:00
2026,6,Monaco Grand Prix,HAD,Red Bull Racing,5.0,0.6409289184777527,6,legacy,5d7359d,2026-10-08T23:32:40+00:00
2026,6,Monaco Grand Prix,NOR,McLaren,8.0,0.46155111734277277,7,legacy,5d7359d,2026-10-08T23:32:40+00:00
2026,6,Monaco Grand Prix,PIA,McLaren,7.0,0.3553059564631175,8,legacy,5d7359d,2026-10-08T23:32:40+00:00
2026,6,Monaco Grand Prix,GAS,Alpine,9.0,0.21756026996551392,9,legacy,5d7359d,2026-10-08T23:32:40+00:00
2026,6,Monaco Grand Prix,SAI,Williams,12.0,0.0014631998571758148,10,legacy,5d7359d,2026-10-08T23:32:40+00:00
2026,6,Monaco Grand Prix,LAW,Racing Bulls,10.0,-0.002122308410075241,11,legacy,5d7359d,2026-10-08T23:32:40+00:00
2026,6,Monaco Grand Prix,ALB,Williams,11.0,-0.06417579604648876,12,legacy,5d7359d,2026-10-08T23:32:40+00:00
2026,6,Monaco Grand Prix,HUL,Audi,13.0,-0.06664179860721232,13,legacy,5d7359d,2026-10-08T23:32:40+00:00
2026,6,Monaco Grand Prix,COL,Alpine,14.0,-0.2629416502299012,14,legacy,5d7359d,2026-10-08T23:32:40+00:00
2026,6,Monaco Grand Prix,LIN,Racing Bulls,15.0,-0.5006935798431441,15,legacy,5d7359d,2026-10-08T23:32:40+00:00
2026,6,Monaco Grand Prix,OCO,Haas F1 Team,17.0,-0.5536738354965146,16,legacy,5d7359d,2026-10-08T23:32:40+00:00
2026,6,Monaco Grand Prix,BOR,Audi,16.0,-0.584460814173718,17,legacy,5d7359d,2026-10-08T23:32:40+00:00
2026,6,Monaco Grand Prix,BEA,Haas F1 Team,19.0,-0.7025124248904575,18,legacy,5d7359d,2026-10-08T23:32:40+00:00
2026,6,Monaco Grand Prix,BOT,Cadillac,20.0,-0.9536444307099807,19,legacy,5d7359d,2026-10-08T23:32:40+00:00
2026,6,Monaco Grand Prix,PER,Cadillac,18.0,-0.9767591158060097,20,legacy,5d7359d,2026-10-08T23:32:40+00:00
2026,6,Monaco Grand Prix,ALO,Aston Martin,21.0,-1.054092041424464,21,legacy,5d7359d,2026-10-08T23:32:40+00:00
2026,6,Monaco Grand Prix,STR,Aston Martin,22.0,-1.0708667504159666,22,legacy,5d7359d,2026-10-08T23:32:40+00:00
2026,7,Barcelona Grand Prix,RUS,Mercedes,1.0,1.3320585181856552,1,legacy,5d7359d,2026-10-08T23:32:45+00:00
2026,7,Barcelona Grand Prix,HAM,Ferrari,2.0,1.0980961588507645,2,legacy,5d7359d,2026-10-08T23:32:45+00:00
2026,7,Barcelona Grand Prix,ANT,Mercedes,3.0,1.003398961406813,3,legacy,5d7359d,2026-10-08T23:32:45+00:00
2026,7,Barcelona Grand Prix,NOR,McLaren,4.0,0.9084113474435683,4,legacy,5d7359d,2026-10-08T23:32:45+00:00
2026,7,Barcelona Grand Prix,VER,Red Bull Racing,5.0,0.7429184153567845,5,legacy,5d7359d,2026-10-08T23:32:45+00:00
2026,7,Barcelona Grand Prix,HAD,Red Bull Racing,6.0,0.7274973242877941,6,legacy,5d7359d,2026-10-08T23:32:45+00:00
2026,7,Barcelona Grand Prix,PIA,McLaren,7.0,0.39108812727655,7,legacy,5d7359d,2026-10-08T23:32:45+00:00
2026,7,Barcelona Grand Prix,LEC,Ferrari,10.0,0.24778766456819878,8,legacy,5d7359d,2026-10-08T23:32:45+00:00
2026,7,Barcelona Grand Prix,LIN,Racing Bulls,11.0,0.14960411212801872,9,legacy,5d7359d,2026-10-08T23:32:45+00:00
2026,7,Barcelona Grand Prix,LAW,Racing Bulls,8.0,0.04026300907255534,10,legacy,5d7359d,2026-10-08T23:32:45+00:00
2026,7,Barcelona Grand Prix,HUL,Audi,9.0,-0.02851724304994241,11,legacy,5d7359d,2026-10-08T23:32:45+00:00
2026,7,Barcelona Grand Prix,COL,Alpine,13.0,-0.070474811462154,12,legacy,5d7359d,2026-10-08T23:32:45+00:00
2026,7,Barcelona Grand Prix,BOR,Audi,12.0,-0.10616060209600173,13,legacy,5d7359d,2026-10-08T23:32:45+00:00
2026,7,Barcelona Grand Prix,BEA,Haas F1 Team,15.0,-0.11526915608581709,14,legacy,5d7359d,2026-10-08T23:32:45+00:00
2026,7,Barcelona Grand Prix,GAS,Alpine,14.0,-0.2731593325888264,15,legacy,5d7359d,2026-10-08T23:32:45+00:00
2026,7,Barcelona Grand Prix,SAI,Williams,16.0,-0.5317176981621332,16,legacy,5d7359d,2026-10-08T23:32:45+00:00
2026,7,Barcelona Grand Prix,OCO,Haas F1 Team,17.0,-0.5769938388220492,17,legacy,5d7359d,2026-10-08T23:32:45+00:00
2026,7,Barcelona Grand Prix,ALB,Williams,18.0,-0.8429676909557232,18,legacy,5d7359d,2026-10-08T23:32:45+00:00
2026,7,Barcelona Grand Prix,ALO,Aston Martin,22.0,-0.9250068041591788,19,legacy,5d7359d,2026-10-08T23:32:45+00:00
2026,7,Barcelona Grand Prix,BOT,Cadillac,20.0,-0.9772589810987353,20,legacy,5d7359d,2026-10-08T23:32:45+00:00
2026,7,Barcelona Grand Prix,PER,Cadillac,19.0,-1.036700833368784,21,legacy,5d7359d,2026-10-08T23:32:45+00:00
2026,7,Barcelona Grand Prix,STR,Aston Martin,21.0,-1.156896646727357,22,legacy,5d7359d,2026-10-08T23:32:45+00:00
2026,8,Austrian Grand Prix,RUS,Mercedes,1.0,1.3029694952592843,1,legacy,5d7359d,2026-10-08T23:32:51+00:00
2026,8,Austrian Grand Prix,LEC,Ferrari,2.0,1.1176449667540296,2,legacy,5d7359d,2026-10-08T23:32:51+00:00
2026,8,Austrian Grand Prix,HAM,Ferrari,3.0,1.000060770466158,3,legacy,5d7359d,2026-10-08T23:32:51+00:00
2026,8,Austrian Grand Prix,ANT,Mercedes,4.0,0.9685490742371895,4,legacy,5d7359d,2026-10-08T23:32:51+00:00
2026,8,Austrian Grand Prix,VER,Red Bull Racing,5.0,0.6862265301140965,5,legacy,5d7359d,2026-10-08T23:32:51+00:00
2026,8,Austrian Grand Prix,NOR,McLaren,6.0,0.6830800356870186,6,legacy,5d7359d,2026-10-08T23:32:51+00:00
2026,8,Austrian Grand Prix,PIA,McLaren,7.0,0.449409858230696,7,legacy,5d7359d,2026-10-08T23:32:51+00:00
2026,8,Austrian Grand Prix,HAD,Red Bull Racing,8.0,0.27149268121254533,8,legacy,5d7359d,2026-10-08T23:32:51+00:00
2026,8,Austrian Grand Prix,LAW,Racing Bulls,9.0,0.26676744654543494,9,legacy,5d7359d,2026-10-08T23:32:51+00:00
2026,8,Austrian Grand Prix,LIN,Racing Bulls,10.0,0.037845837125376314,10,legacy,5d7359d,2026-10-08T23:32:51+00:00
2026,8,Austrian Grand Prix,BEA,Haas F1 Team,13.0,-0.051745404178292514,11,legacy,5d7359d,2026-10-08T23:32:51+00:00
2026,8,Austrian Grand Prix,GAS,Alpine,11.0,-0.06235758884577815,12,legacy,5d7359d,2026-10-08T23:32:51+00:00
2026,8,Austrian Grand Prix,BOR,Audi,12.0,-0.143249282632199,13,legacy,5d7359d,2026-10-08T23:32:51+00:00
2026,8,Austrian Grand Prix,HUL,Audi,14.0,-0.2625872797762342,14,legacy,5d7359d,2026-10-08T23:32:51+00:00
2026,8,Austrian Grand Prix,OCO,Haas F1 Team,15.0,-0.2956295029154423,15,legacy,5d7359d,2026-10-08T23:32:51+00:00
2026,8,Austrian Grand Prix,COL,Alpine,16.0,-0.3376018205047155,16,legacy,5d7359d,2026-10-08T23:32:51+00:00
2026,8,Austrian Grand Prix,SAI,Williams,17.0,-0.5557080788051234,17,legacy,5d7359d,2026-10-08T23:32:51+00:00
2026,8,Austrian Grand Prix,ALB,Williams,18.0,-0.7828269006098201,18,legacy,5d7359d,2026-10-08T23:32:51+00:00
2026,8,Austrian Grand Prix,PER,Cadillac,19.0,-1.0155821583589204,19,legacy,5d7359d,2026-10-08T23:32:51+00:00
2026,8,Austrian Grand Prix,STR,Aston Martin,22.0,-1.0760139068240293,20,legacy,5d7359d,2026-10-08T23:32:51+00:00
2026,8,Austrian Grand Prix,BOT,Cadillac,20.0,-1.0913989277512952,21,legacy,5d7359d,2026-10-08T23:32:51+00:00
2026,8,Austrian Grand Prix,ALO,Aston Martin,21.0,-1.1093458444299795,22,legacy,5d7359d,2026-10-08T23:32:51+00:00
2026,9,British Grand Prix,ANT,Mercedes,1.0,1.379040612268367,1,legacy,5d7359d,2026-10-08T23:33:00+00:00
2026,9,British Grand Prix,RUS,Mercedes,4.0,1.3654785086457195,2,legacy,5d7359d,2026-10-08T23:33:00+00:00
2026,9,British Grand Prix,LEC,Ferrari,2.0,1.1851993345334708,3,legacy,5d7359d,2026-10-08T23:33:00+00:00
2026,9,British Grand Prix,HAM,Ferrari,3.0,1.179719955505952,4,legacy,5d7359d,2026-10-08T23:33:00+00:00
2026,9,British Grand Prix,HAD,Red Bull Racing,5.0,0.7844501050500271,5,legacy,5d7359d,2026-10-08T23:33:00+00:00
2026,9,British Grand Prix,NOR,McLaren,6.0,0.3937750160964364,6,legacy,5d7359d,2026-10-08T23:33:00+00:00
2026,9,British Grand Prix,VER,Red Bull Racing,7.0,0.3679315698132786,7,legacy,5d7359d,2026-10-08T23:33:00+00:00
2026,9,British Grand Prix,LAW,Racing Bulls,10.0,0.2943818916487374,8,legacy,5d7359d,2026-10-08T23:33:00+00:00
2026,9,British Grand Prix,LIN,Racing Bulls,9.0,0.23062319513790694,9,legacy,5d7359d,2026-10-08T23:33:00+00:00
2026,9,British Grand Prix,PIA,McLaren,8.0,0.08715098513588215,10,legacy,5d7359d,2026-10-08T23:33:00+00:00
2026,9,British Grand Prix,HUL,Audi,12.0,-0.13566289226242434,11,legacy,5d7359d,2026-10-08T23:33:00+00:00
2026,9,British Grand Prix,SAI,Williams,14.0,-0.1748327576840496,12,legacy,5d7359d,2026-10-08T23:33:00+00:00
2026,9,British Grand Prix,BEA,Haas F1 Team,13.0,-0.17925417792949547,13,legacy,5d7359d,2026-10-08T23:33:00+00:00
2026,9,British Grand Prix,GAS,Alpine,15.0,-0.1967423859011237,14,legacy,5d7359d,2026-10-08T23:33:00+00:00
2026,9,British Grand Prix,BOR,Audi,11.0,-0.19870504119857638,15,legacy,5d7359d,2026-10-08T23:33:00+00:00
2026,9,British Grand Prix,ALB,Williams,16.0,-0.46130656382544466,16,legacy,5d7359d,2026-10-08T23:33:00+00:00
2026,9,British Grand Prix,COL,Alpine,19.0,-0.7233534467177314,17,legacy,5d7359d,2026-10-08T23:33:00+00:00
2026,9,British Grand Prix,OCO,Haas F1 Team,17.0,-0.7848637049098947,18,legacy,5d7359d,2026-10-08T23:33:00+00:00
2026,9,British Grand Prix,BOT,Cadillac,18.0,-0.9137911608329041,19,legacy,5d7359d,2026-10-08T23:33:00+00:00
2026,9,British Grand Prix,ALO,Aston Martin,21.0,-1.1612556429554917,20,legacy,5d7359d,2026-10-08T23:33:00+00:00
2026,9,British Grand Prix,STR,Aston Martin,22.0,-1.1649953480220767,21,legacy,5d7359d,2026-10-08T23:33:00+00:00
2026,9,British Grand Prix,PER,Cadillac,20.0,-1.1729880515965656,22,legacy,5d7359d,2026-10-08T23:33:00+00:00
2026,10,Belgian Grand Prix,VER,Red Bull Racing,2.0,1.179952642042124,1,legacy,5d7359d,2026-10-08T23:33:09+00:00
2026,10,Belgian Grand Prix,ANT,Mercedes,1.0,1.1482073813280633,2,legacy,5d7359d,2026-10-08T23:33:09+00:00
2026,10,Belgian Grand Prix,LEC,Ferrari,4.0,0.9179891902421511,3,legacy,5d7359d,2026-10-08T23:33:09+00:00
2026,10,Belgian Grand Prix,HAM,Ferrari,5.0,0.8623292780706948,4,legacy,5d7359d,2026-10-08T23:33:09+00:00
2026,10,Belgian Grand Prix,RUS,Mercedes,3.0,0.8560418411117577,5,legacy,5d7359d,2026-10-08T23:33:09+00:00
2026,10,Belgian Grand Prix,NOR,McLaren,13.0,0.6398920276667744,6,legacy,5d7359d,2026-10-08T23:33:09+00:00
2026,10,Belgian Grand Prix,PIA,McLaren,6.0,0.5523222219277436,7,legacy,5d7359d,2026-10-08T23:33:09+00:00
2026,10,Belgian Grand Prix,LIN,Racing Bulls,7.0,0.2942653060751164,8,legacy,5d7359d,2026-10-08T23:33:09+00:00
2026,10,Belgian Grand Prix,BOR,Audi,8.0,0.2616967027168759,9,legacy,5d7359d,2026-10-08T23:33:09+00:00
2026,10,Belgian Grand Prix,LAW,Racing Bulls,9.0,0.028157730562899885,10,legacy,5d7359d,2026-10-08T23:33:09+00:00
2026,10,Belgian Grand Prix,GAS,Alpine,10.0,-0.0811513773209078,11,legacy,5d7359d,2026-10-08T23:33:09+00:00
2026,10,Belgian Grand Prix,BEA,Haas F1 Team,14.0,-0.18021208246734216,12,legacy,5d7359d,2026-10-08T23:33:09+00:00
2026,10,Belgian Grand Prix,COL,Alpine,11.0,-0.19206610059258367,13,legacy,5d7359d,2026-10-08T23:33:09+00:00
2026,10,Belgian Grand Prix,HUL,Audi,12.0,-0.1989150531026306,14,legacy,5d7359d,2026-10-08T23:33:09+00:00
2026,10,Belgian Grand Prix,ALB,Williams,15.0,-0.27160889767397645,15,legacy,5d7359d,2026-10-08T23:33:09+00:00
2026,10,Belgian Grand Prix,HAD,Red Bull Racing,21.0,-0.5713649995166976,16,legacy,5d7359d,2026-10-08T23:33:09+00:00
2026,10,Belgian Grand Prix,OCO,Haas F1 Team,16.0,-0.5779074256515786,17,legacy,5d7359d,2026-10-08T23:33:09+00:00
2026,10,Belgian Grand Prix,BOT,Cadillac,17.0,-0.8236867878660437,18,legacy,5d7359d,2026-10-08T23:33:09+00:00
2026,10,Belgian Grand Prix,SAI,Williams,19.0,-0.8786663994839802,19,legacy,5d7359d,2026-10-08T23:33:09+00:00
2026,10,Belgian Grand Prix,STR,Aston Martin,20.0,-0.8899110088238862,20,legacy,5d7359d,2026-10-08T23:33:09+00:00
2026,10,Belgian Grand Prix,PER,Cadillac,18.0,-0.9585733162499497,21,legacy,5d7359d,2026-10-08T23:33:09+00:00
2026,10,Belgian Grand Prix,ALO,Aston Martin,22.0,-1.116790872994625,22,legacy,5d7359d,2026-10-08T23:33:09+00:00
2026,11,Hungarian Grand Prix,HAM,Ferrari,5.0,1.1318624063592546,1,legacy,5d7359d,2026-10-08T23:33:19+00:00
2026,11,Hungarian Grand Prix,LEC,Ferrari,2.0,1.0867040540712654,2,legacy,5d7359d,2026-10-08T23:33:19+00:00
2026,11,Hungarian Grand Prix,NOR,McLaren,1.0,1.0530576547592327,3,legacy,5d7359d,2026-10-08T23:33:19+00:00
2026,11,Hungarian Grand Prix,VER,Red Bull Racing,4.0,0.8432737882150239,4,legacy,5d7359d,2026-10-08T23:33:19+00:00
2026,11,Hungarian Grand Prix,RUS,Mercedes,6.0,0.5687200336293345,5,legacy,5d7359d,2026-10-08T23:33:19+00:00
2026,11,Hungarian Grand Prix,ANT,Mercedes,7.0,0.5608427333148487,6,legacy,5d7359d,2026-10-08T23:33:19+00:00
2026,11,Hungarian Grand Prix,HAD,Red Bull Racing,8.0,0.47334368464062243,7,legacy,5d7359d,2026-10-08T23:33:19+00:00
2026,11,Hungarian Grand Prix,PIA,McLaren,3.0,0.45426303913733745,8,legacy,5d7359d,2026-10-08T23:33:19+00:00
2026,11,Hungarian Grand Prix,LIN,Racing Bulls,9.0,0.35084120279628417,9,legacy,5d7359d,2026-10-08T23:33:19+00:00
2026,11,Hungarian Grand Prix,HUL,Audi,10.0,0.2375259524192555,10,legacy,5d7359d,2026-10-08T23:33:19+00:00
2026,11,Hungarian Grand Prix,LAW,Racing Bulls,11.0,0.2042463192702712,11,legacy,5d7359d,2026-10-08T23:33:19+00:00
2026,11,Hungarian Grand Prix,GAS,Alpine,12.0,-0.005662017867432818,12,legacy,5d7359d,2026-10-08T23:33:19+00:00
2026,11,Hungarian Grand Prix,BOR,Audi,14.0,-0.050197031210126794,13,legacy,5d7359d,2026-10-08T23:33:19+00:00
2026,11,Hungarian Grand Prix,COL,Alpine,13.0,-0.26228225201203,14,legacy,5d7359d,2026-10-08T23:33:19+00:00
2026,11,Hungarian Grand Prix,OCO,Haas F1 Team,15.0,-0.2922536337479848,15,legacy,5d7359d,2026-10-08T23:33:19+00:00
2026,11,Hungarian Grand Prix,ALO,Aston Martin,16.0,-0.6762566947461486,16,legacy,5d7359d,2026-10-08T23:33:19+00:00
2026,11,Hungarian Grand Prix,SAI,Williams,18.0,-0.7852826242813351,17,legacy,5d7359d,2026-10-08T23:33:19+00:00
2026,11,Hungarian Grand Prix,ALB,Williams,19.0,-0.8195100500091866,18,legacy,5d7359d,2026-10-08T23:33:19+00:00
2026,11,Hungarian Grand Prix,BEA,Haas F1 Team,17.0,-0.8506697835458321,19,legacy,5d7359d,2026-10-08T23:33:19+00:00
2026,11,Hungarian Grand Prix,PER,Cadillac,22.0,-1.0290832109819743,20,legacy,5d7359d,2026-10-08T23:33:19+00:00
2026,11,Hungarian Grand Prix,STR,Aston Martin,20.0,-1.0642543827187123,21,legacy,5d7359d,2026-10-08T23:33:19+00:00
2026,11,Hungarian Grand Prix,BOT,Cadillac,21.0,-1.1292291874919669,22,legacy,5d7359d,2026-10-08T23:33:19+00:00
2026,12,Dutch Grand Prix,RUS,Mercedes,2.0,1.1349199965711039,1,legacy,5d7359d,2026-10-08T23:33:30+00:00
2026,12,Dutch Grand Prix,ANT,Mercedes,3.0,1.050607828185005,2,legacy,5d7359d,2026-10-08T23:33:30+00:00
2026,12,Dutch Grand Prix,PIA,McLaren,4.0,0.9537386713136595,3,legacy,5d7359d,2026-10-08T23:33:30+00:00
2026,12,Dutch Grand Prix,HAM,Ferrari,5.0,0.9490011289623027,4,legacy,5d7359d,2026-10-08T23:33:30+00:00
2026,12,Dutch Grand Prix,NOR,McLaren,1.0,0.8517259849185463,5,legacy,5d7359d,2026-10-08T23:33:30+00:00
2026,12,Dutch Grand Prix,LEC,Ferrari,6.0,0.7665060782617452,6,legacy,5d7359d,2026-10-08T23:33:30+00:00
2026,12,Dutch Grand Prix,VER,Red Bull Racing,7.0,0.4146680646866609,7,legacy,5d7359d,2026-10-08T23:33:30+00:00
2026,12,Dutch Grand Prix,LAW,Red Bull Racing,8.0,0.4018851881269635,8,legacy,5d7359d,2026-10-08T23:33:30+00:00
2026,12,Dutch Grand Prix,LIN,Racing Bulls,10.0,0.21207847543657982,9,legacy,5d7359d,2026-10-08T23:33:30+00:00
2026,12,Dutch Grand Prix,BOR,Audi,9.0,0.14144726916623146,10,legacy,5d7359d,2026-10-08T23:33:30+00:00
2026,12,Dutch Grand Prix,GAS,Alpine,11.0,0.13275096569450323,11,legacy,5d7359d,2026-10-08T23:33:30+00:00
2026,12,Dutch Grand Prix,COL,Alpine,14.0,-0.0963612913987897,12,legacy,5d7359d,2026-10-08T23:33:30+00:00
2026,12,Dutch Grand Prix,TSU,Racing Bulls,12.0,-0.11728011724497509,13,legacy,5d7359d,2026-10-08T23:33:30+00:00
2026,12,Dutch Grand Prix,HUL,Audi,13.0,-0.18110796826191683,14,legacy,5d7359d,2026-10-08T23:33:30+00:00
2026,12,Dutch Grand Prix,OCO,Haas F1 Team,15.0,-0.40839738861922525,15,legacy,5d7359d,2026-10-08T23:33:30+00:00
2026,12,Dutch Grand Prix,ALB,Williams,16.0,-0.490337843955487,16,legacy,5d7359d,2026-10-08T23:33:30+00:00
2026,12,Dutch Grand Prix,SAI,Williams,17.0,-0.7975247399807217,17,legacy,5d7359d,2026-10-08T23:33:30+00:00
2026,12,Dutch Grand Prix,ALO,Aston Martin,18.0,-0.860796813244696,18,legacy,5d7359d,2026-10-08T23:33:30+00:00
2026,12,Dutch Grand Prix,STR,Aston Martin,19.0,-0.9307384098157752,19,legacy,5d7359d,2026-10-08T23:33:30+00:00
2026,12,Dutch Grand Prix,BEA,Haas F1 Team,20.0,-0.9655336054156499,20,legacy,5d7359d,2026-10-08T23:33:30+00:00
2026,12,Dutch Grand Prix,BOT,Cadillac,21.0,-1.023239899176501,21,legacy,5d7359d,2026-10-08T23:33:30+00:00
2026,12,Dutch Grand Prix,PER,Cadillac,22.0,-1.138011574209564,22,legacy,5d7359d,2026-10-08T23:33:30+00:00
2026,13,Italian Grand Prix,RUS,Mercedes,2.0,1.0700404036907147,1,legacy,5d7359d,2026-10-08T23:33:42+00:00
2026,13,Italian Grand Prix,LEC,Ferrari,3.0,1.0638313005244013,2,legacy,5d7359d,2026-10-08T23:33:42+00:00
2026,13,Italian Grand Prix,HAM,Ferrari,4.0,0.9183365102655592,3,legacy,5d7359d,2026-10-08T23:33:42+00:00
2026,13,Italian Grand Prix,GAS,Alpine,1.0,0.8636549547901874,4,legacy,5d7359d,2026-10-08T23:33:42+00:00
2026,13,Italian Grand Prix,PIA,McLaren,6.0,0.629882502899629,5,legacy,5d7359d,2026-10-08T23:33:42+00:00
2026,13,Italian Grand Prix,VER,Red Bull Racing,5.0,0.614614082820967,6,legacy,5d7359d,2026-10-08T23:33:42+00:00
2026,13,Italian Grand Prix,COL,Alpine,7.0,0.46529391178110097,7,legacy,5d7359d,2026-10-08T23:33:42+00:00
2026,13,Italian Grand Prix,LIN,Racing Bulls,9.0,0.3686485284908917,8,legacy,5d7359d,2026-10-08T23:33:42+00:00
2026,13,Italian Grand Prix,NOR,McLaren,8.0,0.35807644872179323,9,legacy,5d7359d,2026-10-08T23:33:42+00:00
2026,13,Italian Grand Prix,BOR,Audi,10.0,0.14417669466949679,10,legacy,5d7359d,2026-10-08T23:33:42+00:00
2026,13,Italian Grand Prix,ANT,Mercedes,19.0,0.055026791325210656,11,legacy,5d7359d,2026-10-08T23:33:42+00:00
2026,13,Italian Grand Prix,HUL,Audi,12.0,0.013195841878980256,12,legacy,5d7359d,2026-10-08T23:33:42+00:00
2026,13,Italian Grand Prix,BEA,Haas F1 Team,11.0,-0.05501880375024876,13,legacy,5d7359d,2026-10-08T23:33:42+00:00
2026,13,Italian Grand Prix,TSU,Racing Bulls,15.0,-0.22098426015306608,14,legacy,5d7359d,2026-10-08T23:33:42+00:00
2026,13,Italian Grand Prix,OCO,Haas F1 Team,14.0,-0.27195824837108024,15,legacy,5d7359d,2026-10-08T23:33:42+00:00
2026,13,Italian Grand Prix,SAI,Williams,13.0,-0.44788889206352,16,legacy,5d7359d,2026-10-08T23:33:42+00:00
2026,13,Italian Grand Prix,LAW,Red Bull Racing,22.0,-0.5844185166136933,17,legacy,5d7359d,2026-10-08T23:33:42+00:00
2026,13,Italian Grand Prix,PER,Cadillac,17.0,-0.914111398738968,18,legacy,5d7359d,2026-10-08T23:33:42+00:00
2026,13,Italian Grand Prix,BOT,Cadillac,16.0,-0.9649928824056786,19,legacy,5d7359d,2026-10-08T23:33:42+00:00
2026,13,Italian Grand Prix,ALO,Aston Martin,21.0,-0.9865360126458799,20,legacy,5d7359d,2026-10-08T23:33:42+00:00
2026,13,Italian Grand Prix,STR,Aston Martin,18.0,-1.0139457271067274,21,legacy,5d7359d,2026-10-08T23:33:42+00:00
2026,13,Italian Grand Prix,ALB,Williams,20.0,-1.1049232300100695,22,legacy,5d7359d,2026-10-08T23:33:42+00:00
2026,14,Spanish Grand Prix,VER,Red Bull Racing,3.0,1.2052992821748925,1,legacy,5d7359d,2026-10-08T23:33:55+00:00
2026,14,Spanish Grand Prix,ANT,Mercedes,2.0,1.1028148684539705,2,legacy,5d7359d,2026-10-08T23:33:55+00:00
2026,14,Spanish Grand Prix,LEC,Ferrari,5.0,1.053181381533118,3,legacy,5d7359d,2026-10-08T23:33:55+00:00
2026,14,Spanish Grand Prix,NOR,McLaren,1.0,0.9473447402216539,4,legacy,5d7359d,2026-10-08T23:33:55+00:00
2026,14,Spanish Grand Prix,RUS,Mercedes,6.0,0.7656961182829588,5,legacy,5d7359d,2026-10-08T23:33:55+00:00
2026,14,Spanish Grand Prix,HAM,Ferrari,4.0,0.597499448332447,6,legacy,5d7359d,2026-10-08T23:33:55+00:00
2026,14,Spanish Grand Prix,PIA,McLaren,7.0,0.458363888343001,7,legacy,5d7359d,2026-10-08T23:33:55+00:00
2026,14,Spanish Grand Prix,LAW,Red Bull Racing,8.0,0.3868893496465903,8,legacy,5d7359d,2026-10-08T23:33:55+00:00
2026,14,Spanish Grand Prix,LIN,Racing Bulls,10.0,0.193962271588274,9,legacy,5d7359d,2026-10-08T23:33:55+00:00
2026,14,Spanish Grand Prix,COL,Alpine,9.0,0.13821166377350358,10,legacy,5d7359d,2026-10-08T23:33:55+00:00
2026,14,Spanish Grand Prix,HUL,Audi,11.0,0.010642525963288801,11,legacy,5d7359d,2026-10-08T23:33:55+00:00
2026,14,Spanish Grand Prix,BOR,Audi,12.0,-0.02992589897711264,12,legacy,5d7359d,2026-10-08T23:33:55+00:00
2026,14,Spanish Grand Prix,TSU,Racing Bulls,15.0,-0.1828671068204408,13,legacy,5d7359d,2026-10-08T23:33:55+00:00
2026,14,Spanish Grand Prix,OCO,Haas F1 Team,13.0,-0.23275555544690582,14,legacy,5d7359d,2026-10-08T23:33:55+00:00
2026,14,Spanish Grand Prix,GAS,Alpine,14.0,-0.24098749763780852,15,legacy,5d7359d,2026-10-08T23:33:55+00:00
2026,14,Spanish Grand Prix,ALO,Aston Martin,17.0,-0.7680644038569283,16,legacy,5d7359d,2026-10-08T23:33:55+00:00
2026,14,Spanish Grand Prix,ALB,Williams,16.0,-0.8296458226463697,17,legacy,5d7359d,2026-10-08T23:33:55+00:00
2026,14,Spanish Grand Prix,BEA,Haas F1 Team,22.0,-0.83280031543388,18,legacy,5d7359d,2026-10-08T23:33:55+00:00
2026,14,Spanish Grand Prix,PER,Cadillac,18.0,-0.8746920721703019,19,legacy,5d7359d,2026-10-08T23:33:55+00:00
2026,14,Spanish Grand Prix,SAI,Williams,20.0,-0.9523277120226391,20,legacy,5d7359d,2026-10-08T23:33:55+00:00
2026,14,Spanish Grand Prix,STR,Aston Martin,21.0,-0.9528992583584074,21,legacy,5d7359d,2026-10-08T23:33:55+00:00
2026,14,Spanish Grand Prix,BOT,Cadillac,19.0,-0.9629398949429043,22,legacy,5d7359d,2026-10-08T23:33:55+00:00
2026,15,Azerbaijan Grand Prix,RUS,Mercedes,1.0,1.6082040492186067,1,legacy,5d7359d,2026-10-08T23:34:09+00:00
2026,15,Azerbaijan Grand Prix,LEC,Ferrari,2.0,0.9246801545344174,2,legacy,5d7359d,2026-10-08T23:34:09+00:00
2026,15,Azerbaijan Grand Prix,GAS,Alpine,7.0,0.8590976575735304,3,legacy,5d7359d,2026-10-08T23:34:09+00:00
2026,15,Azerbaijan Grand Prix,HAD,Red Bull Racing,4.0,0.716669900578631,4,legacy,5d7359d,2026-10-08T23:34:09+00:00
2026,15,Azerbaijan Grand Prix,PIA,McLaren,3.0,0.7112316354594609,5,legacy,5d7359d,2026-10-08T23:34:09+00:00
2026,15,Azerbaijan Grand Prix,HAM,Ferrari,6.0,0.7032683210128885,6,legacy,5d7359d,2026-10-08T23:34:09+00:00
2026,15,Azerbaijan Grand Prix,NOR,McLaren,5.0,0.6881582687323292,7,legacy,5d7359d,2026-10-08T23:34:09+00:00
2026,15,Azerbaijan Grand Prix,VER,Red Bull Racing,8.0,0.47354665232673293,8,legacy,5d7359d,2026-10-08T23:34:09+00:00
2026,15,Azerbaijan Grand Prix,COL,Alpine,9.0,0.23854507870972294,9,legacy,5d7359d,2026-10-08T23:34:09+00:00
2026,15,Azerbaijan Grand Prix,ANT,Mercedes,16.0,0.21402294712911854,10,legacy,5d7359d,2026-10-08T23:34:09+00:00
2026,15,Azerbaijan Grand Prix,LAW,Racing Bulls,11.0,-0.020294209330924174,11,legacy,5d7359d,2026-10-08T23:34:09+00:00
2026,15,Azerbaijan Grand Prix,SAI,Williams,14.0,-0.050249716583836194,12,legacy,5d7359d,2026-10-08T23:34:09+00:00
2026,15,Azerbaijan Grand Prix,OCO,Haas F1 Team,13.0,-0.14098071443688528,13,legacy,5d7359d,2026-10-08T23:34:09+00:00
2026,15,Azerbaijan Grand Prix,BEA,Haas F1 Team,10.0,-0.2059322362288792,14,legacy,5d7359d,2026-10-08T23:34:09+00:00
2026,15,Azerbaijan Grand Prix,ALB,Williams,12.0,-0.4236654707112225,15,legacy,5d7359d,2026-10-08T23:34:09+00:00
2026,15,Azerbaijan Grand Prix,BOR,Audi,17.0,-0.4340153758647836,16,legacy,5d7359d,2026-10-08T23:34:09+00:00
2026,15,Azerbaijan Grand Prix,LIN,Racing Bulls,15.0,-0.4564800923448017,17,legacy,5d7359d,2026-10-08T23:34:09+00:00
2026,15,Azerbaijan Grand Prix,PER,Cadillac,20.0,-0.640399937976341,18,legacy,5d7359d,2026-10-08T23:34:09+00:00
2026,15,Azerbaijan Grand Prix,HUL,Audi,18.0,-0.6791307641768456,19,legacy,5d7359d,2026-10-08T23:34:09+00:00
2026,15,Azerbaijan Grand Prix,ALO,Aston Martin,21.0,-1.2515490373349552,20,legacy,5d7359d,2026-10-08T23:34:09+00:00
2026,15,Azerbaijan Grand Prix,BOT,Cadillac,19.0,-1.4053560966658736,21,legacy,5d7359d,2026-10-08T23:34:09+00:00
2026,15,Azerbaijan Grand Prix,STR,Aston Martin,22.0,-1.4293710136200901,22,legacy,5d7359d,2026-10-08T23:34:09+00:00
2026,16,Bahrain Grand Prix,VER,Red Bull Racing,1.0,1.2948102827668038,1,legacy,5d7359d,2026-10-08T23:34:24+00:00
2026,16,Bahrain Grand Prix,HAM,Ferrari,2.0,1.1984894635477619,2,legacy,5d7359d,2026-10-08T23:34:24+00:00
2026,16,Bahrain Grand Prix,LEC,Ferrari,4.0,0.8874215615648969,3,legacy,5d7359d,2026-10-08T23:34:24+00:00
2026,16,Bahrain Grand Prix,ANT,Mercedes,3.0,0.6817811985585042,4,legacy,5d7359d,2026-10-08T23:34:24+00:00
2026,16,Bahrain Grand Prix,PIA,McLaren,6.0,0.6491975711095161,5,legacy,5d7359d,2026-10-08T23:34:24+00:00
2026,16,Bahrain Grand Prix,HAD,Red Bull Racing,8.0,0.5952268238327352,6,legacy,5d7359d,2026-10-08T23:34:24+00:00
2026,16,Bahrain Grand Prix,NOR,McLaren,5.0,0.48686601814593056,7,legacy,5d7359d,2026-10-08T23:34:24+00:00
2026,16,Bahrain Grand Prix,GAS,Alpine,9.0,0.331554890509874,8,legacy,5d7359d,2026-10-08T23:34:24+00:00
2026,16,Bahrain Grand Prix,RUS,Mercedes,7.0,0.21397501151224643,9,legacy,5d7359d,2026-10-08T23:34:24+00:00
2026,16,Bahrain Grand Prix,LAW,Racing Bulls,11.0,0.21018023940808506,10,legacy,5d7359d,2026-10-08T23:34:24+00:00
2026,16,Bahrain Grand Prix,BOR,Audi,10.0,0.07743597554804016,11,legacy,5d7359d,2026-10-08T23:34:24+00:00
2026,16,Bahrain Grand Prix,ALO,Aston Martin,12.0,-0.0858852392881463,12,legacy,5d7359d,2026-10-08T23:34:24+00:00
2026,16,Bahrain Grand Prix,HUL,Audi,15.0,-0.10422121468647766,13,legacy,5d7359d,2026-10-08T23:34:24+00:00
2026,16,Bahrain Grand Prix,SAI,Williams,13.0,-0.3382701791823862,14,legacy,5d7359d,2026-10-08T23:34:24+00:00
2026,16,Bahrain Grand Prix,LIN,Racing Bulls,22.0,-0.4391025635160669,15,legacy,5d7359d,2026-10-08T23:34:24+00:00
2026,16,Bahrain Grand Prix,OCO,Haas F1 Team,17.0,-0.49497908706956195,16,legacy,5d7359d,2026-10-08T23:34:24+00:00
2026,16,Bahrain Grand Prix,STR,Aston Martin,14.0,-0.5168968414250654,17,legacy,5d7359d,2026-10-08T23:34:24+00:00
2026,16,Bahrain Grand Prix,BEA,Haas F1 Team,16.0,-0.635241041987872,18,legacy,5d7359d,2026-10-08T23:34:24+00:00
2026,16,Bahrain Grand Prix,COL,Alpine,21.0,-0.6539972843826054,19,legacy,5d7359d,2026-10-08T23:34:24+00:00
2026,16,Bahrain Grand Prix,BOT,Cadillac,19.0,-0.9914771530150555,20,legacy,5d7359d,2026-10-08T23:34:24+00:00
2026,16,Bahrain Grand Prix,ALB,Williams,18.0,-1.1551774795520633,21,legacy,5d7359d,2026-10-08T23:34:24+00:00
2026,16,Bahrain Grand Prix,PER,Cadillac,20.0,-1.2116909523990933,22,legacy,5d7359d,2026-10-08T23:34:24+00:00
